Scene,Description,Cinematography Details
1,"Sivasaamy plows his fields, establishing a peaceful village",PC Sriram captures the rural simplicity with Spielberg's natural lighting
2,"Land dispute erupts with the powerful landlord, setting tension","Wide shots showcase the vast, divided landscapes, Spielberg's framing emphasizes conflict"
3,Flashback reveals Sivasaamy's history of resistance,"Sriram uses warm tones for the past, Spielberg adds depth with shadows"
4,"Present-day tensions rise, foreshadowing revenge","Cinematic close-ups highlight the brewing conflict, Spielberg's lighting sets the tone"
5,"Sivasaamy's family caught in the crossfire, facing danger","Sriram captures vulnerability, Spielberg uses chiaroscuro for impact"
6,"Family goes on the run, evading pursuers in the village","Dynamic camera movements by Spielberg, Sriram intensifies the chase"
7,Sivasaamy confronts past allies who betray him,"Spielberg's dramatic lighting enhances the confrontation, Sriram's camera work intensifies"
8,"Internal family conflicts arise, questioning the path of revenge","Intimate close-ups with subtle lighting changes, Spielberg captures emotional turmoil"
9,"Seeking refuge, the family finds a temporary hiding place","Sriram uses natural lighting, Spielberg employs shadows for emotional depth"
10,"The family's journey of survival begins, facing various challenges","Cinematic shots with Spielberg's signature lighting, Sriram captures the realism"
11,Turning point - Sivasaamy decides to confront the oppressors,"Spielberg's lighting captures determination, Sriram intensifies the resolve"
12,"Sivasaamy plans revenge, strategizing against the oppressors","Cinematic shots with strategic lighting, Spielberg emphasizes the gravity of the plan"
13,Sivasaamy's family faces internal struggles during the journey,"Spielberg's nuanced lighting captures family dynamics, Sriram adds realism"
14,"Encounter with allies and enemies, alliances and betrayals","Sriram's lens follows characters closely, Spielberg adds suspense with lighting"
15,Sivasaamy's confrontation with a key antagonist,"Spielberg's dramatic lighting enhances the conflict, Sriram's camera work intensifies"
16,"High-stakes escape, family on the run from pursuers","Dynamic camera movements by Spielberg, Sriram captures the intensity of the chase"
17,"Sheltered in a new location, regrouping and planning","Spielberg's lighting changes to signify a shift, Sriram captures characters' skepticism"
18,Flashback to Sivasaamy's initial encounter with the oppressors,"Sriram uses warm tones for the past, Spielberg adds depth with shadows"
19,"Present-day challenges intensify, increasing the stakes","Cinematic close-ups highlight the brewing conflict, Spielberg's lighting sets the tone"
20,"Family faces betrayals and sacrifices, escalating tension","Sriram's lens captures the emotional toll, Spielberg's lighting heightens the stakes"
21,Sivasaamy's family finds temporary refuge in a remote village,"Sriram uses natural lighting, Spielberg employs shadows for emotional depth"
22,Sivasaamy reflects on the impact of revenge on his family,"Cinematic close-ups with Spielberg's signature lighting techniques, Sriram's realism"
23,The oppressors close in on the family's hiding place,"Spielberg's dramatic lighting enhances the tension, Sriram intensifies the chase"
24,Sivasaamy's internal struggle with the consequences of revenge,"Intimate close-ups with subtle lighting changes, Spielberg captures emotional turmoil"
25,"Allies and enemies collide, alliances shift","Sriram's lens follows characters closely, Spielberg adds suspense with lighting"
26,"Sivasaamy faces a moral dilemma, torn between revenge and family","Spielberg's lighting captures the internal conflict, Sriram intensifies the struggle"
27,Key antagonist tightens the noose around Sivasaamy's family,"Dynamic camera movements by Spielberg, Sriram adds urgency with lighting"
28,"Sivasaamy confronts an old ally, facing betrayal","Cinematic shots with strategic lighting, Spielberg emphasizes the gravity of the situation"
29,"Family escapes a deadly trap, increasing danger","Spielberg's lighting changes to signify a shift, Sriram captures characters' fear"
30,Flashback to Sivasaamy's previous encounters with the oppressors,"Sriram uses warm tones for the past, Spielberg adds depth with shadows"
31,"Present-day challenges intensify, testing the family's bonds","Cinematic close-ups highlight emotional turmoil, Spielberg's lighting sets the tone"
32,Sivasaamy's family seeks refuge in a sympathetic village,"Sriram's lens captures the warmth, Spielberg uses lighting to convey safety"
33,"Allies provide crucial information, revealing the oppressors' plans","Spielberg's lighting enhances the suspense, Sriram intensifies the chase"
34,"Sivasaamy devises a counterplan, strategizing for the upcoming conflict","Intimate close-ups with subtle lighting changes, Spielberg captures determination"
35,Tension rises as the oppressors close in on the hiding place,"Cinematic shots with Spielberg's signature lighting techniques, Sriram adds urgency"
36,Sivasaamy's family faces a betrayal from within,"Sriram's lens follows characters closely, Spielberg adds suspense with lighting"
37,Allies and enemies clash in a covert confrontation,"Dynamic camera movements by Spielberg, Sriram intensifies the action with lighting"
38,Sivasaamy's internal conflict reaches a breaking point,"Spielberg's dramatic lighting enhances the emotional turmoil, Sriram adds intensity"
39,Family members reveal their own sacrifices for the cause,"Cinematic close-ups with emotional lighting, Spielberg captures character revelations"
40,Flashback reveals Sivasaamy's past encounters with oppression,"Sriram uses warm tones for the past, Spielberg adds depth with shadows"
41,"Present-day challenges intensify, family faces a moral crossroads","Spielberg's lighting changes to signify a shift, Sriram captures characters' dilemma"
42,"Sivasaamy faces a personal loss, increasing the stakes","Cinematic shots with strategic lighting, Spielberg emphasizes the gravity of the situation"
43,"The oppressors tighten their grip, escalating the conflict","Sriram's lens captures characters' desperation, Spielberg adds urgency with lighting"
44,"Sivasaamy's family launches a counterattack, resistance builds","Dynamic camera movements by Spielberg, Sriram intensifies the action with lighting"
45,Allies and enemies collide in a fierce battle,"Spielberg's lighting enhances the suspense, Sriram adds intensity"
46,Sivasaamy faces a final showdown with a formidable adversary,"Intimate close-ups with subtle lighting changes, Spielberg captures the intensity"
47,Flashback reveals the origins of Sivasaamy's resistance,"Sriram uses warm tones for the past, Spielberg adds depth with shadows"
48,"Present-day challenges peak, family confronts ultimate danger","Cinematic close-ups with Spielberg's signature lighting techniques, Sriram adds urgency"
49,Sivasaamy's family members make sacrifices for the cause,"Sriram's lens follows characters closely, Spielberg adds suspense with lighting"
50,Allies and enemies clash in a decisive battle,"Dynamic camera movements by Spielberg, Sriram intensifies the action with lighting"
51,"Sivasaamy faces a personal tragedy, testing his resolve","Spielberg's dramatic lighting enhances the emotional turmoil, Sriram adds intensity"
52,Flashback reveals the cost of resistance in Sivasaamy's past,"Cinematic shots with strategic lighting, Spielberg emphasizes the gravity of the situation"
53,"Present-day challenges reach a breaking point, family at risk","Sriram's lens captures characters' desperation, Spielberg adds urgency with lighting"
54,Allies and enemies converge for a final confrontation,"Spielberg's lighting enhances the suspense, Sriram intensifies the action with lighting"
55,Sivasaamy's family members face personal dilemmas,"Cinematic close-ups with emotional lighting, Spielberg captures character revelations"
56,"Sivasaamy faces an internal conflict, torn by choices","Sriram uses natural lighting, Spielberg employs shadows for emotional depth"
57,Flashback reveals Sivasaamy's early struggles against oppression,"Spielberg's lighting changes to signify a shift, Sriram captures the intensity"
58,"Present-day challenges intensify, family members make sacrifices","Dynamic camera movements by Spielberg, Sriram intensifies the action with lighting"
59,Allies and enemies clash in a desperate struggle,"Intimate close-ups with subtle lighting changes, Spielberg captures the intensity"
60,Sivasaamy's family confronts the oppressive forces,"Sriram's lens follows characters closely, Spielberg adds suspense with lighting"
61,Allies and enemies face a decisive turning point,"Spielberg's dramatic lighting enhances the conflict, Sriram intensifies the action with lighting"
62,Sivasaamy's internal conflict reaches a resolution,"Cinematic shots with strategic lighting, Spielberg emphasizes the gravity of the situation"
63,Flashback reveals the consequences of Sivasaamy's past choices,"Sriram uses warm tones for the past, Spielberg adds depth with shadows"
64,"Present-day challenges come to a head, family at the brink","Cinematic close-ups with Spielberg's signature lighting techniques, Sriram intensifies the urgency"
65,Sivasaamy's family members face personal reckonings,"Dynamic camera movements by Spielberg, Sriram adds suspense with lighting"
66,Allies and enemies converge for a final confrontation,"Spielberg's lighting enhances the suspense, Sriram intensifies the action with lighting"
67,"Sivasaamy faces a personal tragedy, testing his resolve","Intimate close-ups with subtle lighting changes, Spielberg captures the intensity"
68,Flashback reveals the cost of resistance in Sivasaamy's past,"Sriram's lens follows characters closely, Spielberg adds suspense with lighting"
69,"Present-day challenges reach a breaking point, family at risk","Spielberg's dramatic lighting enhances the emotional turmoil, Sriram adds intensity"
70,Climax - Sivasaamy's family confronts the oppressors for a final showdown,"Cinematic shots with emotional lighting, Spielberg intensifies the action"