sno,Prompt Description,Cinematographic Elements (Spielberg),Photographic Elements (PC Sriram)
1,Opening shot: Solitary chessboard in soft light,"Signature Spielberg lighting, soft glow",PC Sriram's mastery of natural light
2,Protagonist: Close-up of brooding Peter Sanderson,Spielberg's intimate character shots,PC Sriram's nuanced facial expressions capture
3,Mysterious setting: Pan across misty island landscape,Spielberg's sweeping landscape shots,PC Sriram's atmospheric use of mist and shadows
4,"Chess tournament: Intense matches, hands hovering",Spielberg's dynamic camera movements,PC Sriram's precision in capturing rapid moments
5,Detective Sedman: Rugged detective studies crime scene,Spielberg's emphasis on character detail,PC Sriram's ability to capture gritty environments
6,Crime scenes unfold: Photos mimicking chess moves,Spielberg's storytelling through visuals,PC Sriram's attention to detail in crime scene setup
7,Isolation: Sanderson walks alone on the island's shore,Spielberg's portrayal of solitude,PC Sriram's play with natural light and shadows
8,Chess symbolism: Close-up of pieces representing characters,Spielberg's symbolic visual storytelling,PC Sriram's focus on symbolic elements in framing
9,Suspenseful chess moves: Dramatic close-ups of matches,Spielberg's use of tension-building shots,PC Sriram's ability to convey tension through framing
10,Investigation board: Sedman connects crime scene photos,Spielberg's use of visual storytelling,PC Sriram's meticulous composition in crime scenes
11,Flashback sequence: Dreamlike images of Sanderson's past,Spielberg's seamless transition to flashbacks,"PC Sriram's dreamy, ethereal approach to flashbacks"
12,Eerie night scenes: Moonlit landscapes with shadows,Spielberg's mastery of night cinematography,PC Sriram's skill in capturing the play of moonlight
13,Chess pieces as characters: Metaphorical representation,Spielberg's metaphorical visual language,PC Sriram's ability to convey metaphors through framing
14,Tension rises: Close-ups of anxious faces,Spielberg's emphasis on character emotion,PC Sriram's skill in capturing subtle facial expressions
15,Chess-themed murders: Artistic crime scene shots,Spielberg's visual creativity in crime scenes,PC Sriram's attention to composition and framing in crime scenes
16,Unsettling discoveries: Sanderson finds clues,Spielberg's emphasis on discovery moments,PC Sriram's use of framing to highlight key discoveries
17,Confrontation: Sanderson and Sedman face off,Spielberg's dynamic framing for confrontations,PC Sriram's use of lighting to intensify confrontational scenes
18,Chessboard transitions: Seamless switches between scenes,Spielberg's fluid editing and transitions,PC Sriram's use of lighting transitions for seamless flow
19,Clock ticking: Vintage chess clock symbolizes urgency,Spielberg's use of visual motifs for urgency,PC Sriram's skill in capturing the ticking of a vintage clock
20,Emotional turmoil: Reflective moment by the water,Spielberg's use of water for emotional reflection,PC Sriram's skill in capturing emotion in reflective scenes
21,Mind games: Overhead shots of characters on the island,Spielberg's strategic use of overhead shots,PC Sriram's framing to convey characters' strategic positions
22,Killer revealed: Dramatic shot unveiling the antagonist,Spielberg's suspenseful villain reveals,PC Sriram's use of lighting to unveil the antagonist
23,Final showdown: Sanderson and killer on a dramatic chessboard,Spielberg's climactic framing for showdowns,PC Sriram's skill in capturing climactic moments
24,Cinematic landscapes: Wide shots of the island,Spielberg's sweeping wide shots,PC Sriram's use of wide shots to capture expansive landscapes
25,Psychological twists: Distorted images blur reality,Spielberg's visual representation of psychological twists,PC Sriram's use of distortion for psychological impact
26,Chess tournament finale: Grandmaster Sanderson's climactic match,Spielberg's dynamic camera movements for climaxes,PC Sriram's attention to detail in capturing chess strategies
27,Betrayal: Close-up of a character's betrayed expression,Spielberg's focus on nuanced emotional expressions,PC Sriram's ability to convey betrayal through facial expressions
28,Island secrets: Hidden passages revealed,Spielberg's emphasis on revealing secrets,PC Sriram's use of lighting to uncover hidden passages
29,Symbolic chess sacrifice: Pivotal sacrifice in plot,Spielberg's use of visual metaphors,PC Sriram's framing to emphasize symbolic sacrifices
30,Intensity escalates: Quick cuts heightening tension,Spielberg's rapid editing for intense sequences,PC Sriram's use of quick cuts to amplify tension
31,Chase sequence: Characters race through the island,Spielberg's dynamic camera movements in chases,PC Sriram's use of lighting to enhance chase sequences
32,Strategic moves: Sanderson orchestrating a complex plan,Spielberg's visual representation of strategic moves,PC Sriram's framing to convey the complexity of strategic plans
33,Epic landscape shots: Cinematic vistas of the island,Spielberg's breathtaking landscape shots,PC Sriram's use of natural light to enhance landscapes
34,Mirror reflections: Characters stare at themselves,Spielberg's use of mirrors for self-reflection,PC Sriram's skill in capturing characters in reflective moments
35,Silhouettes: Striking silhouettes against the moonlit night,Spielberg's dramatic use of silhouettes,PC Sriram's play with shadows to create striking silhouettes
36,Chess clock ticking faster: Increasing tension,Spielberg's use of visual motifs for tension,PC Sriram's use of lighting to convey the ticking of a clock
37,Emotional reunion: Sanderson reunited with a connection,Spielberg's emphasis on emotional reunions,PC Sriram's framing to convey the emotion of reunions
38,Deception: Characters wearing masks,Spielberg's use of visual metaphors for deception,PC Sriram's framing to emphasize characters' masked identities
39,Chess piece close-ups: Macro shots of intricate details,Spielberg's attention to detail in close-ups,PC Sriram's use of macro shots for intricate details
40,Struggle for survival: Characters facing challenges,Spielberg's intense portrayal of survival,PC Sriram's use of lighting to enhance survival scenes
41,Intricate chessboard patterns: Overhead shots revealing patterns,Spielberg's use of overhead shots for patterns,PC Sriram's framing to emphasize intricate chessboard details
42,Cinematic transitions: Seamless scene changes,Spielberg's smooth transitions between scenes,PC Sriram's use of lighting transitions for seamless flow
43,Nightmare sequences: Surreal images portraying chaos,Spielberg's visual representation of nightmares,PC Sriram's use of distortion for surreal sequences
44,Chess-themed fashion: Characters in attire with chess motifs,Spielberg's attention to costume details,PC Sriram's framing to emphasize chess-themed attire
45,Foreboding architecture: Shots of eerie buildings,Spielberg's use of architecture for atmosphere,PC Sriram's play with lighting to create a foreboding atmosphere
46,Conspiracy unveiled: Images revealing the depth of conspiracy,Spielberg's suspenseful revelation shots,PC Sriram's use of lighting to unveil conspiratorial elements
47,Chess sacrifice aftermath: Characters dealing with betrayal,Spielberg's emphasis on aftermath emotions,PC Sriram's framing to convey characters dealing with betrayal
48,Dynamic camera angles: Innovative angles for visual dynamism,Spielberg's dynamic and innovative camera movements,PC Sriram's framing for visual dynamism
49,Character isolation: Lone figures in expansive landscapes,Spielberg's portrayal of characters in isolation,PC Sriram's framing to convey characters' isolation
50,Chess piece symbolism: Characters interact with life-sized pieces,Spielberg's metaphorical representation,PC Sriram's framing to emphasize symbolic interactions
51,Epic chess match: Final match played out cinematically,Spielberg's cinematic portrayal of chess matches,PC Sriram's attention to detail in capturing the intensity of matches
52,Revelations: Characters discovering shocking truths,Spielberg's dramatic revelation shots,PC Sriram's use of lighting to emphasize shocking revelations
53,Cinematic color grading: Moody color palettes,Spielberg's use of color to enhance mood,PC Sriram's mastery in creating evocative color palettes
54,Temporal shifts: Visual effects conveying time manipulation,Spielberg's innovative use of visual effects,PC Sriram's framing to convey temporal shifts
55,Chessboard transitions: Board transforming into real-life objects,Spielberg's seamless transition between chess and reality,PC Sriram's framing to convey the transformation of objects
56,Visual echoes: Overlapping images creating a sense of repetition,Spielberg's visual repetition for thematic impact,PC Sriram's framing to emphasize visual echoes
57,Dramatic weather changes: Stormy skies reflecting turbulence,Spielberg's dramatic portrayal of weather changes,PC Sriram's use of lighting to enhance stormy scenes
58,Chess-themed art: Surreal artwork inspired by the game,Spielberg's integration of art into storytelling,PC Sriram's framing to emphasize surreal art elements
59,Betrayal aftermath: Characters dealing with betrayal,Spielberg's emphasis on characters' emotional aftermath,PC Sriram's framing to convey characters dealing with betrayal
60,Dynamic camera angles: Innovative angles for visual dynamism,Spielberg's dynamic and innovative camera movements,PC Sriram's framing for visual dynamism
61,Character isolation: Lone figures in expansive landscapes,Spielberg's portrayal of characters in isolation,PC Sriram's framing to convey characters' isolation
62,Whispers of the past: Ghostly images hinting at past traumas,Spielberg's eerie portrayal of past traumas,PC Sriram's use of lighting and shadows for ghostly effects
63,Chess piece transformation: Pieces becoming real-life objects,Spielberg's visual metaphor for transformation,PC Sriram's framing to emphasize the transformation of objects
64,Cinematic chessboard flyovers: Drone shots revealing connections,Spielberg's sweeping drone shots for visual impact,PC Sriram's framing to reveal hidden connections
65,Sinister revelations: Characters discovering true nature,Spielberg's suspenseful revelation shots,PC Sriram's use of lighting to emphasize sinister revelations
66,Desperation: Characters' faces reflecting desperation,Spielberg's emphasis on characters' desperate expressions,PC Sriram's framing to convey characters' desperation
67,Chessboard reflections: Mirrors reflecting chessboards,Spielberg's symbolic use of mirrors,PC Sriram's framing to convey reflective moments
68,Heart-stopping moments: Freeze frames of intense scenes,Spielberg's use of freeze frames for dramatic impact,PC Sriram's framing to emphasize heart-stopping moments
69,Cinematic climax: Rapid montage building to climax,Spielberg's dynamic and impactful montage,PC Sriram's framing to build tension towards the climax
70,Closing shot: Still chessboard concluding with mystery,Spielberg's enigmatic closing shots,PC Sriram's framing to leave a lingering sense of myster
