Scene,Description,Cinematography Details
1,Introduction of the protagonist in Subramaniyapuram,"PC Sreeram captures the rustic charm, Karthik Subbaraj's screenplay sets the tone for character development."
2,"Protagonist's daily life in Madurai, establishing the setting",World-class photography showcases Madurai's vibrant colors and textures. Sreeram employs natural lighting for authenticity.
3,Inciting incident - a mysterious event disrupts the protagonist's routine,"Karthik Subbaraj crafts suspense, PC Sreeram captures the intrigue with dynamic camera angles."
4,"Protagonist's initial investigations, creating tension","Sreeram uses lighting to enhance suspense, Subbaraj's screenplay builds anticipation."
5,"Flashback to the roots of the mystery, revealing character backgrounds","World-class photography highlights Madurai's historical elements, Sreeram's lighting adds depth."
6,Present-day tensions rise as characters face external threats,"Dynamic camera movements by Sreeram, Subbaraj's screenplay intensifies the conflict."
7,Internal conflicts within the character group,"Cinematic shots with strategic lighting, showcasing Madurai's cultural complexity."
8,Protagonist's moral dilemmas and choices,"Intimate close-ups with subtle lighting changes, reflecting Madurai's emotional climate."
9,"Escalating tensions, shifting alliances in Subramaniyapuram","Sreeram captures the intensity, Subbaraj's screenplay adds layers to character relationships."
10,Flashback reveals deeper layers to the characters' struggles,"Warm tones for the past, showcasing Madurai's historical significance. Sreeram adds cinematic touches."
11,"Protagonist delves deeper into the mystery, facing personal challenges","PC Sreeram uses shadow play to convey internal conflict, Karthik Subbaraj's screenplay adds layers to the investigation."
12,Climax of the first act - a shocking revelation changes the narrative course,"Cinematic shots with strategic lighting, creating a visual turning point. Sreeram and Subbaraj collaborate for heightened suspense."
13,"Fallout of the revelation, characters react to the unexpected twist","Sreeram's lens captures the aftermath with a focus on character expressions, Subbaraj guides the emotional beats."
14,"Protagonist faces external threats, escalating the stakes","Dynamic camera movements by Sreeram intensify action, Subbaraj's screenplay builds tension in Madurai's atmospheric setting."
15,"Internal conflicts within the group intensify, testing loyalties","Strategic lighting enhances the complexity of character dynamics, capturing Madurai's cultural nuances. Subbaraj's screenplay deepens character conflicts."
16,Protagonist's personal life intersects with the central mystery,"Sreeram uses lighting to signify convergence, Subbaraj weaves intricate narrative threads."
17,"Flashback unveils a crucial piece of the puzzle, changing perspectives","Warm tones for the past, enhancing Madurai's historical context. Sreeram collaborates with Subbaraj for visual storytelling depth."
18,Present-day tensions escalate as characters confront a common enemy,"Cinematic shots with dynamic lighting, creating a visually impactful confrontation. Subbaraj's screenplay adds depth to character motivations."
19,"Protagonist grapples with newfound information, questioning allegiances","Intimate close-ups with subtle lighting changes, capturing Madurai's emotional climate. Subbaraj's screenplay navigates intricate character developments."
20,Climax of the second act - a major plot twist reshapes character dynamics,"Intense close-ups, dramatic lighting, and strategic camera movements. Subbaraj and Sreeram create a visually stunning and emotionally charged turning point."
21,"Fallout of the second-act climax, characters face the consequences","Sreeram's lens captures the emotional aftermath, Subbaraj's screenplay explores the ripple effects in Madurai's cultural context."
22,"Protagonist reevaluates alliances, navigating a web of deception","Cinematic shots with strategic lighting, portraying the complexity of character relationships. Subbaraj's screenplay adds layers to the narrative."
23,Flashback unveils another layer of character motivations,"Warm tones for the past, enhancing Madurai's historical context. Sreeram collaborates with Subbaraj for visual storytelling depth."
24,Present-day conflicts intensify as characters confront internal and external threats,"Dynamic camera movements, capturing the heightened tension. Subbaraj's screenplay adds intricacy to Madurai's atmospheric setting."
25,"Protagonist faces a moral crossroads, leading to a critical decision","Intimate close-ups with subtle lighting changes, reflecting Madurai's emotional climate. Subbaraj guides the audience through the moral quandaries in Madurai."
26,Allies and enemies converge in a pivotal confrontation,"Cinematic shots with dynamic lighting, creating a visually impactful climax. Subbaraj's screenplay builds towards a narrative peak."
27,"Revelations reshape character dynamics, raising the stakes",Sreeram uses lighting nuances to convey the impact of revelations. Subbaraj orchestrates character interactions in Madurai's charged atmosphere.
28,"Flashback reveals a hidden connection, deepening the mystery","Warm tones for the past, enhancing Madurai's historical context. Sreeram collaborates with Subbaraj for visual storytelling depth."
29,"Present-day tensions reach a boiling point, setting the stage for the final act","Cinematic shots with dynamic lighting, capturing the climactic buildup. Subbaraj's screenplay intensifies character conflicts against Madurai's backdrop."
30,Climax - a shocking twist unravels the central mystery,"Intense close-ups, dramatic lighting, and strategic camera movements. Subbaraj and Sreeram create a visually stunning and emotionally charged resolution to Madurai's "
31,Fallout of the climax - characters grapple with the repercussions,"Sreeram's lens captures the emotional aftermath, portraying the characters' reactions in Madurai's cultural context. Subbaraj's screenplay explores the aftermath intricately."
32,"Protagonist reflects on the journey, addressing personal growth","Intimate close-ups with subtle lighting changes, conveying the introspective mood in Madurai's atmospheric setting. Subbaraj delves into character development and maturity."
33,"Flashback unveils the origin of the central conflict, adding depth","Warm tones for the past, enhancing Madurai's historical context. Sreeram collaborates with Subbaraj to reveal crucial narrative elements."
34,Present-day challenges test the characters' resilience and unity,"Dynamic camera movements, capturing the evolving dynamics. Subbaraj's screenplay adds layers to the characters' struggles in Madurai's charged atmosphere."
35,"Protagonist faces a crucial moral dilemma, impacting the narrative","Cinematic shots with dynamic lighting, reflecting the complexity of character decisions. Subbaraj guides the audience through the moral quandaries in Madurai."
36,"Allies and enemies converge in a final, emotionally charged confrontation",Sreeram's strategic lighting heightens the emotional impact. Subbaraj orchestrates the culmination of character arcs against Madurai's backdrop.
37,"Revelations reshape character dynamics, leading to a narrative turning point","Intense close-ups, dramatic lighting, and strategic camera movements. Subbaraj and Sreeram collaborate for a visually striking revelation in Madurai's charged atmosphere."
38,"Flashback explores unexplored connections, deepening the narrative complexity","Warm tones for the past, enhancing Madurai's historical context. Sreeram collaborates with Subbaraj for visual storytelling depth."
39,"Present-day tensions simmer, characters face lingering consequences","Cinematic shots with dynamic lighting, capturing the lingering tension. Subbaraj's screenplay maintains the intensity against Madurai's backdrop."
40,Climax - a poignant resolution that encapsulates the essence of the journey,"Intense close-ups, dramatic lighting, and strategic camera movements. Subbaraj and Sreeram create a visually stunning and emotionally charged resolution against the backdrop of Madurai."
41,Fallout of the climactic resolution - characters confront the aftermath,"Sreeram's lens captures the emotional aftermath, portraying the characters' reactions amidst Madurai's cultural context. Subbaraj's screenplay explores the aftermath intricately."
42,"Protagonist contemplates the impact of choices, seeking personal redemption","Intimate close-ups with subtle lighting changes, conveying the introspective mood in Madurai's atmospheric setting. Subbaraj delves into character introspection and growth."
43,"Flashback unveils the untold aspects of character arcs, deepening the narrative","Warm tones for the past, enhancing Madurai's historical context. Sreeram collaborates with Subbaraj to reveal hidden layers of character stories."
44,Present-day challenges test the characters' resilience and unity in the aftermath,"Dynamic camera movements, capturing the evolving dynamics. Subbaraj's screenplay adds layers to the characters' struggles in Madurai's charged atmosphere."
45,"Protagonist faces personal conflicts, seeking closure from past traumas","Cinematic shots with dynamic lighting, reflecting the complexity of character emotions. Subbaraj guides the audience through the protagonist's internal conflicts amidst Madurai's backdrop."
46,"Allies and enemies navigate post-conflict Madurai, rebuilding or crumbling",Sreeram's strategic lighting highlights the contrast of reconstruction and decline. Subbaraj orchestrates the characters' trajectories amidst Madurai's evolving landscape.
47,"Revelations reshape character dynamics, leading to nuanced resolutions","Intense close-ups, dramatic lighting, and strategic camera movements. Subbaraj and Sreeram collaborate for visually striking revelations amidst Madurai's charged atmosphere."
48,"Flashback explores unexplored connections, deepening the narrative complexity","Warm tones for the past, enhancing Madurai's historical context. Sreeram collaborates with Subbaraj for visual storytelling depth."
49,"Present-day tensions simmer, characters face lingering consequences","Cinematic shots with dynamic lighting, capturing the lingering tension. Subbaraj's screenplay maintains the intensity against Madurai's backdrop."
50,Climax - a poignant resolution that encapsulates the essence of the journey,"Intense close-ups, dramatic lighting, and strategic camera movements. Subbaraj and Sreeram create a visually stunning and emotionally charged resolution against the backdrop of Madurai."
51,Fallout of the climactic resolution - characters grapple with the aftermath,"Sreeram's lens captures the emotional aftermath, portraying the characters' reactions amidst Madurai's cultural context. Subbaraj's screenplay explores the aftermath intricately."
52,"Protagonist contemplates the impact of choices, seeking personal redemption","Intimate close-ups with subtle lighting changes, conveying the introspective mood in Madurai's atmospheric setting. Subbaraj delves into character introspection and growth."
53,"Flashback unveils the untold aspects of character arcs, deepening the narrative","Warm tones for the past, enhancing Madurai's historical context. Sreeram collaborates with Subbaraj to reveal hidden layers of character stories."
54,Present-day challenges test the characters' resilience and unity in the aftermath,"Dynamic camera movements, capturing the evolving dynamics. Subbaraj's screenplay adds layers to the characters' struggles in Madurai's charged atmosphere."
55,"Protagonist faces personal conflicts, seeking closure from past traumas","Cinematic shots with dynamic lighting, reflecting the complexity of character emotions. Subbaraj guides the audience through the protagonist's internal conflicts amidst Madurai's backdrop."
56,"Allies and enemies navigate the post-conflict Madurai, rebuilding or crumbling",Sreeram's strategic lighting highlights the contrast of reconstruction and decline. Subbaraj orchestrates the characters' trajectories amidst Madurai's evolving landscape.
57,"Revelations reshape character dynamics, leading to nuanced resolutions","Intense close-ups, dramatic lighting, and strategic camera movements. Subbaraj and Sreeram collaborate for visually striking revelations amidst Madurai's charged atmosphere."
58,"Flashback explores unexplored connections, deepening the narrative complexity","Warm tones for the past, enhancing Madurai's historical context. Sreeram collaborates with Subbaraj for visual storytelling depth."
59,"Present-day tensions simmer, characters face lingering consequences","Cinematic shots with dynamic lighting, capturing the lingering tension. Subbaraj's screenplay maintains the intensity against Madurai's backdrop."
60,Climax - a poignant resolution that encapsulates the essence of the journey,"Intense close-ups, dramatic lighting, and strategic camera movements. Subbaraj and Sreeram create a visually stunning and emotionally charged resolution against the backdrop of Madurai."
61,Fallout of the climactic resolution - characters grapple with the aftermath,"Sreeram's lens captures the emotional aftermath, portraying the characters' reactions amidst Madurai's cultural context. Subbaraj's screenplay explores the aftermath intricately."
62,"Protagonist contemplates the impact of choices, seeking personal redemption","Intimate close-ups with subtle lighting changes, conveying the introspective mood in Madurai's atmospheric setting. Subbaraj delves into character introspection and growth."
63,"Flashback unveils the untold aspects of character arcs, deepening the narrative","Warm tones for the past, enhancing Madurai's historical context. Sreeram collaborates with Subbaraj to reveal hidden layers of character stories."
64,Present-day challenges test the characters' resilience and unity in the aftermath,"Dynamic camera movements, capturing the evolving dynamics. Subbaraj's screenplay adds layers to the characters' struggles in Madurai's charged atmosphere."
65,"Protagonist faces personal conflicts, seeking closure from past traumas","Cinematic shots with dynamic lighting, reflecting the complexity of character emotions. Subbaraj guides the audience through the protagonist's internal conflicts amidst Madurai's backdrop."
66,"Allies and enemies navigate the post-conflict Madurai, rebuilding or crumbling",Sreeram's strategic lighting highlights the contrast of reconstruction and decline. Subbaraj orchestrates the characters' trajectories amidst Madurai's evolving landscape.
67,"Revelations reshape character dynamics, leading to nuanced resolutions","Intense close-ups, dramatic lighting, and strategic camera movements. Subbaraj and Sreeram collaborate for visually striking revelations amidst Madurai's charged atmosphere."
68,"Flashback explores unexplored connections, deepening the narrative complexity","Warm tones for the past, enhancing Madurai's historical context. Sreeram collaborates with Subbaraj for visual storytelling depth."
69,"Present-day tensions simmer, characters face lingering consequences","Cinematic shots with dynamic lighting, capturing the lingering tension. Subbaraj's screenplay maintains the intensity against Madurai's backdrop."
70,Climax - a poignant resolution that encapsulates the essence of the journey,"Intense close-ups, dramatic lighting, and strategic camera movements. Subbaraj and Sreeram create a visually stunning and emotionally charged resolution against the backdrop of Madurai."
